<?xml version="1.0" encoding="UTF-8" ?>
<!DOCTYPE mapper
  PUBLIC "-//mybatis.org//DTD Mapper 3.0//EN"
  "http://mybatis.org/dtd/mybatis-3-mapper.dtd">

<mapper namespace="com.project.social.dao.UserMapper">		
		
	<insert id="insertUser" parameterType="map">
		insert into userlist(	
			user_id
			,user_name
			,addr1
			,addr2
			,user_pwd
			,interest
			,introduce
		)
		values(
			#{User.user_id}
			,#{User.user_name}
			,#{User.addr1}
			,#{User.addr2}
			,#{User.user_pwd}
			,#{interest}
			,#{User.introduce}
		)
	</insert>
	
	<select id="findUser" resultType="User" parameterType="User">
		select user_id, user_name, addr1, addr2, interest, introduce, meetingname as roomname
		from userlist
		where user_id = #{user_id} 
		<if test="user_pwd !=null">
		and user_pwd= #{user_pwd}
		</if>
	</select>
	
	<update id="updateUser" parameterType="map">
		update userlist set
		<if test="User.user_name != null">user_name=#{User.user_name},</if>
		<if test="User.addr1 != null">addr1=#{User.addr1},</if>
		<if test="User.addr2 != null">addr2=#{User.addr2},</if>
		<if test="interest != null">interest=#{interest},</if>
      	<if test="User.introduce != null">introduce=#{User.introduce},</if>
      	<if test="User.roomName !=null">meetingname=#{User.roomName}</if>
		where user_id=#{User.user_id}
	
	</update>
	
	
</mapper>
