<?xml version="1.0" encoding="UTF-8"?>
<beans:beans
	xmlns="http://www.springframework.org/schema/mvc"
	xmlns:xsi="http://www.w3.org/2001/XMLSchema-instance"
	xmlns:beans="http://www.springframework.org/schema/beans"
	xmlns:context="http://www.springframework.org/schema/context"
	xmlns:websocket="http://www.springframework.org/schema/websocket"
	xsi:schemaLocation="http://www.springframework.org/schema/websocket http://www.springframework.org/schema/websocket/spring-websocket-4.3.xsd
		http://www.springframework.org/schema/mvc http://www.springframework.org/schema/mvc/spring-mvc.xsd
		http://www.springframework.org/schema/beans http://www.springframework.org/schema/beans/spring-beans.xsd
		http://www.springframework.org/schema/context http://www.springframework.org/schema/context/spring-context.xsd">

	<!-- DispatcherServlet Context: defines this servlet's request-processing 
		infrastructure -->

	<!-- Enables the Spring MVC @Controller programming model -->
	<annotation-driven />

	<!-- Handles HTTP GET requests for /resources/** by efficiently serving 
		up static resources in the ${webappRoot}/resources directory -->
	<resources mapping="/resources/**" location="/resources/" />
	<resources mapping="/js/**" location="/resources/js/" />
	<resources mapping="/css/**" location="/resources/css/" />
	<resources mapping="/images/**" location="/resources/images/" />
	<resources mapping="/fonts/**" location="/resources/fonts/" />
	<resources mapping="/sass/**" location="/resources/sass/" />

	<!-- Resolves views selected for rendering by @Controllers to .jsp resources 
		in the /WEB-INF/views directory -->
	<beans:bean
		class="org.springframework.web.servlet.view.InternalResourceViewResolver">
		<beans:property name="prefix" value="/WEB-INF/views/" />
		<beans:property name="suffix" value=".jsp" />
	</beans:bean>

	<context:component-scan
		base-package="com.project.social" />

	<websocket:handlers>
		<websocket:mapping handler="echoHandler"
			path="/echo" />
		<websocket:sockjs></websocket:sockjs>
	</websocket:handlers>
	<beans:bean id="echoHandler"
		class="com.project.social.socket.EchoHandler" />

	<beans:bean id="LoginInterceptor"
		class="com.project.social.util.LoginInterceptor">
	</beans:bean>

	<interceptors>
		<interceptor>
			<mapping path="/updateInfo"></mapping>
			<mapping path="/gotoMypage"></mapping>
			<mapping path="/makeChatRoom"></mapping>
			<mapping path="/insertcnm"></mapping>
			<mapping path="/meetingdetail"></mapping>
			<mapping path="/joinmeeting"/>
			<mapping path="/deletemeeting"/>
			<mapping path="/gotochatting"/>
			<beans:ref bean="LoginInterceptor"></beans:ref>
			<!-- <beans:bean class="com.scit35.scit35.intercepter.BoardInterceptor"/> -->
		</interceptor>
	</interceptors>

</beans:beans>
